[
{
  "model": "admin.logentry",
  "pk": 1,
  "fields": {
    "action_time": "2022-05-06T12:22:19.463Z",
    "user": 2,
    "content_type": 35,
    "object_id": "1",
    "object_repr": "фвadmin",
    "action_flag": 3,
    "change_message": ""
  }
},
{
  "model": "admin.logentry",
  "pk": 2,
  "fields": {
    "action_time": "2022-05-06T14:31:28.247Z",
    "user": 2,
    "content_type": 35,
    "object_id": "4",
    "object_repr": "user_02",
    "action_flag": 2,
    "change_message": "[{\"changed\": {\"fields\": [\"First name\", \"Last name\", \"Email address\"]}}]"
  }
},
{
  "model": "admin.logentry",
  "pk": 3,
  "fields": {
    "action_time": "2022-05-06T15:24:38.805Z",
    "user": 2,
    "content_type": 38,
    "object_id": "1",
    "object_repr": "user_01_photo_01",
    "action_flag": 2,
    "change_message": "[{\"changed\": {\"fields\": [\"\\u0418\\u0437\\u043e\\u0431\\u0440\\u0430\\u0436\\u0435\\u043d\\u0438\\u0435\"]}}]"
  }
},
{
  "model": "admin.logentry",
  "pk": 4,
  "fields": {
    "action_time": "2022-05-06T15:26:16.493Z",
    "user": 2,
    "content_type": 38,
    "object_id": "1",
    "object_repr": "user_01_photo_01",
    "action_flag": 2,
    "change_message": "[{\"changed\": {\"fields\": [\"\\u0418\\u0437\\u043e\\u0431\\u0440\\u0430\\u0436\\u0435\\u043d\\u0438\\u0435\"]}}]"
  }
},
{
  "model": "admin.logentry",
  "pk": 5,
  "fields": {
    "action_time": "2022-05-06T15:26:30.679Z",
    "user": 2,
    "content_type": 38,
    "object_id": "2",
    "object_repr": "user_01_photo_02",
    "action_flag": 2,
    "change_message": "[{\"changed\": {\"fields\": [\"\\u0418\\u0437\\u043e\\u0431\\u0440\\u0430\\u0436\\u0435\\u043d\\u0438\\u0435\"]}}]"
  }
},
{
  "model": "admin.logentry",
  "pk": 6,
  "fields": {
    "action_time": "2022-05-06T15:26:41.379Z",
    "user": 2,
    "content_type": 38,
    "object_id": "3",
    "object_repr": "user_01_photo_03",
    "action_flag": 2,
    "change_message": "[{\"changed\": {\"fields\": [\"\\u0418\\u0437\\u043e\\u0431\\u0440\\u0430\\u0436\\u0435\\u043d\\u0438\\u0435\"]}}]"
  }
},
{
  "model": "admin.logentry",
  "pk": 7,
  "fields": {
    "action_time": "2022-05-06T15:26:50.963Z",
    "user": 2,
    "content_type": 38,
    "object_id": "4",
    "object_repr": "user_01_photo_04",
    "action_flag": 2,
    "change_message": "[{\"changed\": {\"fields\": [\"\\u0418\\u0437\\u043e\\u0431\\u0440\\u0430\\u0436\\u0435\\u043d\\u0438\\u0435\"]}}]"
  }
},
{
  "model": "admin.logentry",
  "pk": 8,
  "fields": {
    "action_time": "2022-05-06T15:41:03.281Z",
    "user": 2,
    "content_type": 38,
    "object_id": "1",
    "object_repr": "user_01_photo_01",
    "action_flag": 2,
    "change_message": "[{\"changed\": {\"fields\": [\"\\u0418\\u0437\\u043e\\u0431\\u0440\\u0430\\u0436\\u0435\\u043d\\u0438\\u0435\"]}}]"
  }
},
{
  "model": "admin.logentry",
  "pk": 9,
  "fields": {
    "action_time": "2022-05-06T15:50:44.237Z",
    "user": 2,
    "content_type": 38,
    "object_id": "1",
    "object_repr": "user_01_photo_01",
    "action_flag": 2,
    "change_message": "[{\"changed\": {\"fields\": [\"\\u0418\\u0437\\u043e\\u0431\\u0440\\u0430\\u0436\\u0435\\u043d\\u0438\\u0435\"]}}]"
  }
},
{
  "model": "admin.logentry",
  "pk": 10,
  "fields": {
    "action_time": "2022-05-06T15:52:08.878Z",
    "user": 2,
    "content_type": 38,
    "object_id": "1",
    "object_repr": "user_01_photo_01",
    "action_flag": 2,
    "change_message": "[{\"changed\": {\"fields\": [\"\\u0418\\u0437\\u043e\\u0431\\u0440\\u0430\\u0436\\u0435\\u043d\\u0438\\u0435\"]}}]"
  }
},
{
  "model": "admin.logentry",
  "pk": 11,
  "fields": {
    "action_time": "2022-05-06T15:53:47.261Z",
    "user": 2,
    "content_type": 38,
    "object_id": "1",
    "object_repr": "user_01_photo_01",
    "action_flag": 2,
    "change_message": "[{\"changed\": {\"fields\": [\"\\u0418\\u0437\\u043e\\u0431\\u0440\\u0430\\u0436\\u0435\\u043d\\u0438\\u0435\"]}}]"
  }
},
{
  "model": "admin.logentry",
  "pk": 12,
  "fields": {
    "action_time": "2022-05-06T16:07:05.084Z",
    "user": 2,
    "content_type": 38,
    "object_id": "1",
    "object_repr": "user_01_photo_01",
    "action_flag": 2,
    "change_message": "[{\"changed\": {\"fields\": [\"\\u0418\\u0437\\u043e\\u0431\\u0440\\u0430\\u0436\\u0435\\u043d\\u0438\\u0435\"]}}]"
  }
},
{
  "model": "admin.logentry",
  "pk": 13,
  "fields": {
    "action_time": "2022-05-06T16:07:58.923Z",
    "user": 2,
    "content_type": 38,
    "object_id": "1",
    "object_repr": "user_01_photo_01",
    "action_flag": 2,
    "change_message": "[{\"changed\": {\"fields\": [\"\\u0418\\u0437\\u043e\\u0431\\u0440\\u0430\\u0436\\u0435\\u043d\\u0438\\u0435\"]}}]"
  }
},
{
  "model": "admin.logentry",
  "pk": 14,
  "fields": {
    "action_time": "2022-05-06T16:34:43.763Z",
    "user": 2,
    "content_type": 38,
    "object_id": "1",
    "object_repr": "user_01_photo_01",
    "action_flag": 2,
    "change_message": "[{\"changed\": {\"fields\": [\"\\u0418\\u0437\\u043e\\u0431\\u0440\\u0430\\u0436\\u0435\\u043d\\u0438\\u0435\"]}}]"
  }
},
{
  "model": "admin.logentry",
  "pk": 15,
  "fields": {
    "action_time": "2022-05-06T16:43:37.332Z",
    "user": 2,
    "content_type": 38,
    "object_id": "4",
    "object_repr": "user_01_photo_04",
    "action_flag": 2,
    "change_message": "[{\"changed\": {\"fields\": [\"\\u0418\\u0437\\u043e\\u0431\\u0440\\u0430\\u0436\\u0435\\u043d\\u0438\\u0435\"]}}]"
  }
},
{
  "model": "sessions.session",
  "pk": "7195d15k34l1zn14s7j32dy6misfv20i",
  "fields": {
    "session_data": ".eJxVjDsOwjAQBe_iGll2_Isp6XMGa727xgGUSPlUiLvjSCmgnZn33iLBvtW0r7ykkcRVGHH5ZRnwydMh6AHTfZY4T9syZnkk8rSrHGbi1-1s_w4qrLWtC2vsmMhQZxE9moxcXPRBxeKUg6gwcB_I65KNarin4NA2YqmABvH5AgzIOJ4:1nnlLW:Vx_LmRu_RjsAtFW1ZvDeU9LQ4CTkJerNQu6cGTv5iRE",
    "expire_date": "2022-05-22T18:09:30.521Z"
  }
},
{
  "model": "sites.site",
  "pk": 1,
  "fields": {
    "domain": "example.com",
    "name": "example.com"
  }
},
{
  "model": "user.user",
  "pk": 2,
  "fields": {
    "password": "pbkdf2_sha256$216000$yrDBk7dzHRn7$tGfVGzlHXB5SJRuQS+YqwbhnDVkAT5hHgtMS91V8kX4=",
    "last_login": "2022-05-08T17:49:08.715Z",
    "is_superuser": true,
    "username": "admin",
    "first_name": "",
    "last_name": "",
    "email": "",
    "is_staff": true,
    "is_active": true,
    "date_joined": "2022-05-06T12:21:46.423Z",
    "phone": "",
    "telegram_chat_id": "",
    "telegram_secret": "cd85c9bc0a0646299ee60a98b04945c6",
    "viber_chat_id": "",
    "viber_secret_key": "",
    "groups": [],
    "user_permissions": []
  }
},
{
  "model": "user.user",
  "pk": 3,
  "fields": {
    "password": "pbkdf2_sha256$216000$LPZZN7KjRXKm$tPol0rCEL0KPRgQWIpW5jvCEjcaLKYC9fZxAYt8btyE=",
    "last_login": "2022-05-08T18:09:30.517Z",
    "is_superuser": false,
    "username": "user_01",
    "first_name": "user_01",
    "last_name": "user_01",
    "email": "user_01@mm.mm",
    "is_staff": false,
    "is_active": true,
    "date_joined": "2022-05-06T13:54:50.956Z",
    "phone": "",
    "telegram_chat_id": "",
    "telegram_secret": "493f38d30aa5484aa898e52b70afc15d",
    "viber_chat_id": "",
    "viber_secret_key": "",
    "groups": [],
    "user_permissions": []
  }
},
{
  "model": "user.user",
  "pk": 4,
  "fields": {
    "password": "pbkdf2_sha256$216000$WigS25v7g6jG$Q8j0oA963GMvlh02tq9dNbyR6hxWJsCx75C0pw7u9oA=",
    "last_login": "2022-05-08T17:49:18.474Z",
    "is_superuser": false,
    "username": "user_02",
    "first_name": "user_02",
    "last_name": "user_02",
    "email": "user_02@mm.mm",
    "is_staff": false,
    "is_active": true,
    "date_joined": "2022-05-06T14:29:48Z",
    "phone": "",
    "telegram_chat_id": "",
    "telegram_secret": "f2d707c9e71542d48bbc6ee5cd503c1b",
    "viber_chat_id": "",
    "viber_secret_key": "",
    "groups": [],
    "user_permissions": []
  }
},
{
  "model": "user.user",
  "pk": 5,
  "fields": {
    "password": "pbkdf2_sha256$216000$PTzEiorh4TTY$encc+LW+0Nf7bfg3g57sh19TPYirPdtFkt/HLsioA1w=",
    "last_login": "2022-05-06T14:34:02.774Z",
    "is_superuser": false,
    "username": "user_03",
    "first_name": "user_03",
    "last_name": "user_03",
    "email": "user_03@mm.mm",
    "is_staff": false,
    "is_active": true,
    "date_joined": "2022-05-06T14:30:04.990Z",
    "phone": "",
    "telegram_chat_id": "",
    "telegram_secret": "ca542f9ee3194502bf6d102b08da5a31",
    "viber_chat_id": "",
    "viber_secret_key": "",
    "groups": [],
    "user_permissions": []
  }
},
{
  "model": "photo_album.tag",
  "pk": 1,
  "fields": {
    "name": "авто"
  }
},
{
  "model": "photo_album.tag",
  "pk": 2,
  "fields": {
    "name": "дом"
  }
},
{
  "model": "photo_album.tag",
  "pk": 3,
  "fields": {
    "name": "лес"
  }
},
{
  "model": "photo_album.tag",
  "pk": 4,
  "fields": {
    "name": "город"
  }
},
{
  "model": "photo_album.tag",
  "pk": 5,
  "fields": {
    "name": "мост"
  }
},
{
  "model": "photo_album.tag",
  "pk": 6,
  "fields": {
    "name": "поле"
  }
},
{
  "model": "photo_album.tag",
  "pk": 7,
  "fields": {
    "name": "река"
  }
},
{
  "model": "photo_album.tag",
  "pk": 8,
  "fields": {
    "name": "море"
  }
},
{
  "model": "photo_album.tag",
  "pk": 9,
  "fields": {
    "name": "пляж"
  }
},
{
  "model": "photo_album.tag",
  "pk": 10,
  "fields": {
    "name": "цветок"
  }
},
{
  "model": "photo_album.album",
  "pk": 1,
  "fields": {
    "name": "user_01_album_01",
    "created_at": "2022-05-06T14:33:00.974Z",
    "updated_at": "2022-05-06T14:33:00.974Z",
    "user": 3
  }
},
{
  "model": "photo_album.album",
  "pk": 2,
  "fields": {
    "name": "user_01_album_02",
    "created_at": "2022-05-06T14:33:14.089Z",
    "updated_at": "2022-05-06T14:33:14.089Z",
    "user": 3
  }
},
{
  "model": "photo_album.album",
  "pk": 3,
  "fields": {
    "name": "user_01_album_03",
    "created_at": "2022-05-06T14:33:19.712Z",
    "updated_at": "2022-05-06T14:33:19.712Z",
    "user": 3
  }
},
{
  "model": "photo_album.album",
  "pk": 4,
  "fields": {
    "name": "user_02_album_01",
    "created_at": "2022-05-06T14:33:41.349Z",
    "updated_at": "2022-05-06T14:33:41.349Z",
    "user": 4
  }
},
{
  "model": "photo_album.album",
  "pk": 5,
  "fields": {
    "name": "user_02_album_02",
    "created_at": "2022-05-06T14:33:45.432Z",
    "updated_at": "2022-05-06T14:33:45.432Z",
    "user": 4
  }
},
{
  "model": "photo_album.album",
  "pk": 6,
  "fields": {
    "name": "user_02_album_03",
    "created_at": "2022-05-06T14:33:50.699Z",
    "updated_at": "2022-05-06T14:33:50.699Z",
    "user": 4
  }
},
{
  "model": "photo_album.album",
  "pk": 7,
  "fields": {
    "name": "user_03_album_01",
    "created_at": "2022-05-06T14:34:14.375Z",
    "updated_at": "2022-05-06T14:34:14.375Z",
    "user": 5
  }
},
{
  "model": "photo_album.album",
  "pk": 8,
  "fields": {
    "name": "user_03_album_02",
    "created_at": "2022-05-06T14:34:18.712Z",
    "updated_at": "2022-05-06T14:34:18.712Z",
    "user": 5
  }
},
{
  "model": "photo_album.album",
  "pk": 9,
  "fields": {
    "name": "user_03_album_03",
    "created_at": "2022-05-06T14:34:22.403Z",
    "updated_at": "2022-05-06T14:34:22.403Z",
    "user": 5
  }
},
{
  "model": "photo_album.photo",
  "pk": 1,
  "fields": {
    "name": "user_01_photo_01",
    "created_at": "2022-05-06T15:12:03.976Z",
    "updated_at": "2022-05-06T16:34:43.753Z",
    "user": 3,
    "album": 1,
    "image": "uploads/2022/5/1935-bmw-319-1-kopiia_E5nuO3o.png",
    "image_small": "uploads/2022/5/1935-bmw-319-1-kopiia_small.png",
    "tags": [
      1
    ]
  }
},
{
  "model": "photo_album.photo",
  "pk": 2,
  "fields": {
    "name": "user_01_photo_02",
    "created_at": "2022-05-06T15:16:33.070Z",
    "updated_at": "2022-05-06T15:26:30.669Z",
    "user": 3,
    "album": 1,
    "image": "uploads/2022/5/1935-bmw-319-1-kopiia_vM7HhFs.png",
    "image_small": "uploads/2022/5/1935-bmw-319-1-kopiia_small.png",
    "tags": [
      1
    ]
  }
},
{
  "model": "photo_album.photo",
  "pk": 3,
  "fields": {
    "name": "user_01_photo_03_1",
    "created_at": "2022-05-06T15:18:43.506Z",
    "updated_at": "2022-05-06T16:54:54.082Z",
    "user": 3,
    "album": 3,
    "image": "uploads/2022/5/1935-bmw-319-1-kopiia_pBlmDlT.png",
    "image_small": "uploads/2022/5/uploads-2022-5-1935-bmw-319-1-kopiia-pblmdlt_small.png",
    "tags": []
  }
},
{
  "model": "photo_album.photo",
  "pk": 4,
  "fields": {
    "name": "user_01_photo_04",
    "created_at": "2022-05-06T15:23:28.714Z",
    "updated_at": "2022-05-06T16:43:37.321Z",
    "user": 3,
    "album": 1,
    "image": "uploads/2022/5/1935-bmw-319-1.jpg",
    "image_small": "uploads/2022/5/1935-bmw-319-1_small.jpg",
    "tags": [
      1
    ]
  }
},
{
  "model": "photo_album.photo",
  "pk": 5,
  "fields": {
    "name": "user_01_photo_05",
    "created_at": "2022-05-06T16:45:38.849Z",
    "updated_at": "2022-05-06T16:45:38.849Z",
    "user": 3,
    "album": 1,
    "image": "uploads/2022/5/1935-bmw-319-5.jpg",
    "image_small": "uploads/2022/5/1935-bmw-319-5_small.jpg",
    "tags": [
      1
    ]
  }
},
{
  "model": "photo_album.photo",
  "pk": 6,
  "fields": {
    "name": "user_01_photo_06",
    "created_at": "2022-05-06T16:45:50.972Z",
    "updated_at": "2022-05-06T16:45:50.972Z",
    "user": 3,
    "album": 1,
    "image": "uploads/2022/5/1935-bmw-319-6.jpg",
    "image_small": "uploads/2022/5/1935-bmw-319-6_small.jpg",
    "tags": [
      1
    ]
  }
},
{
  "model": "photo_album.photo",
  "pk": 7,
  "fields": {
    "name": "user_01_photo_07",
    "created_at": "2022-05-06T16:46:02.217Z",
    "updated_at": "2022-05-06T16:46:02.217Z",
    "user": 3,
    "album": 1,
    "image": "uploads/2022/5/1935-bmw-319-7.jpg",
    "image_small": "uploads/2022/5/1935-bmw-319-7_small.jpg",
    "tags": [
      1
    ]
  }
},
{
  "model": "photo_album.photo",
  "pk": 8,
  "fields": {
    "name": "user_01_photo_08",
    "created_at": "2022-05-06T16:46:25.760Z",
    "updated_at": "2022-05-06T16:46:25.760Z",
    "user": 3,
    "album": 1,
    "image": "uploads/2022/5/1935-bmw-319-8.jpg",
    "image_small": "uploads/2022/5/1935-bmw-319-8_small.jpg",
    "tags": [
      1
    ]
  }
},
{
  "model": "photo_album.photo",
  "pk": 9,
  "fields": {
    "name": "user_01_photo_09",
    "created_at": "2022-05-06T16:46:39.865Z",
    "updated_at": "2022-05-06T16:46:39.865Z",
    "user": 3,
    "album": 1,
    "image": "uploads/2022/5/1935-bmw-319-sport-1.jpg",
    "image_small": "uploads/2022/5/1935-bmw-319-sport-1_small.jpg",
    "tags": [
      1
    ]
  }
},
{
  "model": "photo_album.photo",
  "pk": 10,
  "fields": {
    "name": "user_01_photo_10",
    "created_at": "2022-05-06T16:46:51.644Z",
    "updated_at": "2022-05-06T16:46:51.644Z",
    "user": 3,
    "album": 1,
    "image": "uploads/2022/5/1935-bmw-319-sport-2.jpg",
    "image_small": "uploads/2022/5/1935-bmw-319-sport-2_small.jpg",
    "tags": [
      1
    ]
  }
},
{
  "model": "photo_album.photo",
  "pk": 11,
  "fields": {
    "name": "user_01_photo_11",
    "created_at": "2022-05-06T16:47:38.086Z",
    "updated_at": "2022-05-06T16:47:38.086Z",
    "user": 3,
    "album": 2,
    "image": "uploads/2022/5/1936-bmw-328-5.jpg",
    "image_small": "uploads/2022/5/1936-bmw-328-5_small.jpg",
    "tags": [
      1
    ]
  }
},
{
  "model": "photo_album.photo",
  "pk": 12,
  "fields": {
    "name": "user_01_photo_12",
    "created_at": "2022-05-06T16:47:51.526Z",
    "updated_at": "2022-05-06T16:47:51.526Z",
    "user": 3,
    "album": 2,
    "image": "uploads/2022/5/1936-bmw-328-6.jpg",
    "image_small": "uploads/2022/5/1936-bmw-328-6_small.jpg",
    "tags": [
      1
    ]
  }
},
{
  "model": "photo_album.photo",
  "pk": 13,
  "fields": {
    "name": "user_01_photo_13",
    "created_at": "2022-05-06T16:48:27.683Z",
    "updated_at": "2022-05-06T16:48:27.683Z",
    "user": 3,
    "album": 2,
    "image": "uploads/2022/5/1936-bmw-328-7.jpg",
    "image_small": "uploads/2022/5/1936-bmw-328-7_small.jpg",
    "tags": [
      3
    ]
  }
},
{
  "model": "photo_album.photo",
  "pk": 14,
  "fields": {
    "name": "user_01_photo_14",
    "created_at": "2022-05-06T16:48:46.532Z",
    "updated_at": "2022-05-06T16:48:46.532Z",
    "user": 3,
    "album": 2,
    "image": "uploads/2022/5/1937-bmw-327-6.jpg",
    "image_small": "uploads/2022/5/1937-bmw-327-6_small.jpg",
    "tags": [
      2
    ]
  }
},
{
  "model": "photo_album.photo",
  "pk": 15,
  "fields": {
    "name": "user_01_photo_15",
    "created_at": "2022-05-06T16:49:01.978Z",
    "updated_at": "2022-05-06T16:49:01.978Z",
    "user": 3,
    "album": 2,
    "image": "uploads/2022/5/1937-bmw-327.jpg",
    "image_small": "uploads/2022/5/1937-bmw-327_small.jpg",
    "tags": [
      2
    ]
  }
},
{
  "model": "photo_album.photo",
  "pk": 16,
  "fields": {
    "name": "user_01_photo_16",
    "created_at": "2022-05-06T16:49:33.802Z",
    "updated_at": "2022-05-06T16:49:33.802Z",
    "user": 3,
    "album": 2,
    "image": "uploads/2022/5/1937-bmw-328-11.jpg",
    "image_small": "uploads/2022/5/1937-bmw-328-11_small.jpg",
    "tags": [
      4,
      2,
      3
    ]
  }
},
{
  "model": "photo_album.photo",
  "pk": 17,
  "fields": {
    "name": "user_01_photo_17",
    "created_at": "2022-05-06T16:49:59.335Z",
    "updated_at": "2022-05-06T16:49:59.335Z",
    "user": 3,
    "album": 2,
    "image": "uploads/2022/5/1937-bmw-328-15.jpg",
    "image_small": "uploads/2022/5/1937-bmw-328-15_small.jpg",
    "tags": [
      10
    ]
  }
},
{
  "model": "photo_album.photo",
  "pk": 18,
  "fields": {
    "name": "user_01_photo_18",
    "created_at": "2022-05-06T16:50:16.897Z",
    "updated_at": "2022-05-06T16:50:16.897Z",
    "user": 3,
    "album": 2,
    "image": "uploads/2022/5/1938-bmw-326-3.jpg",
    "image_small": "uploads/2022/5/1938-bmw-326-3_small.jpg",
    "tags": [
      4,
      2
    ]
  }
},
{
  "model": "photo_album.photo",
  "pk": 19,
  "fields": {
    "name": "user_01_photo_19",
    "created_at": "2022-05-06T16:50:34.830Z",
    "updated_at": "2022-05-06T16:50:34.830Z",
    "user": 3,
    "album": 2,
    "image": "uploads/2022/5/1938-bmw-326-25.jpg",
    "image_small": "uploads/2022/5/1938-bmw-326-25_small.jpg",
    "tags": [
      3,
      8,
      5
    ]
  }
},
{
  "model": "photo_album.photo",
  "pk": 20,
  "fields": {
    "name": "user_01_photo_20",
    "created_at": "2022-05-06T16:50:55.010Z",
    "updated_at": "2022-05-06T16:50:55.010Z",
    "user": 3,
    "album": 2,
    "image": "uploads/2022/5/1937-bmw-327-4.jpg",
    "image_small": "uploads/2022/5/1937-bmw-327-4_small.jpg",
    "tags": [
      3,
      8,
      5
    ]
  }
}
]
